year,Team,QB,RB,WR,TE,OL,Offense,DL,LB,S,CB,Defense,Total,rb_pct
2019,49ers,"21,379,024","14,457,001","11,900,761","5,036,034","42,645,957","95,418,777","42,606,472","23,249,863","8,579,784","20,884,938","95,321,057","190,739,834",0.076
2019,Bears,"14,584,337","5,220,201","31,409,752","12,698,875","28,679,926","92,593,091","20,929,999","36,374,074","6,674,672","31,037,322","95,016,067","187,609,158",0.028
2019,Bengals,"18,109,080","8,539,530","28,134,454","11,912,549","40,342,186","107,037,799","33,698,327","12,145,095","8,518,392","25,168,228","79,530,042","186,567,841",0.046
2019,Bills,"7,051,826","15,128,956","23,959,991","11,237,933","38,132,116","95,510,822","49,051,510","12,389,177","15,571,340","11,067,120","88,079,147","183,589,969",0.082
2019,Broncos,"20,780,000","3,293,436","19,961,919","7,258,576","29,455,705","80,749,636","21,983,348","44,164,330","7,537,594","26,236,380","99,921,652","180,671,288",0.018
2019,Browns,"12,327,741","7,262,976","38,210,264","7,612,002","37,064,560","102,477,543","45,920,964","17,405,521","16,001,310","24,847,274","104,175,069","206,652,612",0.035
2019,Buccaneers,"24,265,750","5,367,256","26,537,435","12,387,538","47,714,847","116,272,826","44,356,629","21,210,916","7,313,936","10,547,801","83,429,282","199,702,108",0.027
2019,Cardinals,"9,259,814","13,261,909","19,511,956","5,011,227","36,212,886","83,257,792","15,033,778","42,291,882","9,293,684","23,205,898","89,825,242","173,083,034",0.077
2019,Chargers,"27,709,655","8,531,668","25,061,379","8,109,098","37,824,938","107,236,738","39,738,403","16,085,142","8,181,608","16,508,333","80,513,486","187,750,224",0.045
2019,Chiefs,"10,064,808","7,297,793","28,915,614","13,658,400","38,326,349","98,262,964","23,893,954","17,558,290","15,368,780","8,546,156","65,367,180","163,630,144",0.045
2019,Colts,"30,615,000","4,090,734","33,769,761","15,267,500","33,592,903","117,335,898","26,021,835","21,978,874","14,109,776","24,363,922","86,474,407","203,810,305",0.020
2019,Cowboys,"3,391,905","10,265,436","30,240,376","7,238,625","60,889,108","112,025,450","41,806,509","16,838,074","6,856,954","13,210,531","78,712,068","190,737,518",0.054
2019,Dolphins,"7,424,898","5,024,387","26,950,178","7,795,768","14,242,690","61,437,921","16,971,151","15,157,771","28,945,129","24,606,904","85,680,955","147,118,876",0.034
2019,Eagles,"12,964,521","6,064,066","33,654,451","9,889,746","43,084,446","105,657,230","30,920,811","12,040,416","24,167,000","10,546,828","77,675,055","183,332,285",0.033
2019,Falcons,"17,700,000","9,923,109","28,444,781","7,780,730","42,769,611","106,618,231","29,952,614","21,183,482","12,537,357","19,133,993","82,807,446","189,425,677",0.052
2019,Giants,"26,051,091","10,407,765","18,036,842","10,476,573","35,028,274","100,000,545","8,366,318","27,927,742","9,244,370","22,090,839","67,629,269","167,629,814",0.062
2019,Jaguars,"13,645,404","10,616,555","18,102,940","5,644,131","34,528,100","82,537,130","37,113,761","23,565,619","8,154,923","34,253,776","103,088,079","185,625,209",0.057
2019,Jets,"10,089,476","12,375,686","20,083,345","3,148,235","38,876,492","84,573,234","30,602,327","31,072,661","11,895,042","24,621,711","98,191,741","182,764,975",0.068
2019,Lions,"30,880,000","8,573,752","19,864,671","7,780,471","29,931,552","97,030,446","22,725,879","17,719,945","12,353,824","25,920,410","78,720,058","175,750,504",0.049
2019,Packers,"28,484,189","2,588,499","19,110,957","17,718,298","48,225,729","116,127,672","20,107,562","25,506,975","17,986,676","9,332,755","72,933,968","189,061,640",0.014
2019,Panthers,"25,200,545","7,501,490","14,672,809","10,694,498","27,587,937","85,657,279","56,534,120","25,133,341","8,595,080","9,903,499","100,166,040","185,823,319",0.040
2019,Patriots,"31,149,028","12,726,919","23,212,535","6,382,268","28,708,510","102,179,260","21,719,925","25,216,051","29,680,985","19,892,087","96,509,048","198,688,308",0.064
2019,Raiders,"25,010,625","8,640,632","33,208,855","4,790,000","43,162,751","114,812,863","22,275,553","12,512,050","19,461,408","14,217,704","68,466,715","183,279,578",0.047
2019,Rams,"11,029,259","13,854,737","28,729,831","6,368,701","32,938,926","92,921,454","32,617,749","26,036,961","9,467,833","28,782,790","96,905,333","189,826,787",0.073
2019,Ravens,"4,187,820","6,681,138","17,183,006","8,163,686","30,086,399","66,302,049","22,838,000","14,417,521","22,688,963","36,508,749","96,453,233","162,755,282",0.041
2019,Redskins,"30,391,202","9,427,038","16,124,730","18,250,338","44,764,834","118,958,142","12,228,286","28,571,903","8,020,965","23,470,521","72,291,675","191,249,817",0.049
2019,Saints,"27,090,000","5,452,359","15,803,354","7,483,498","44,938,201","100,767,412","26,265,401","19,853,965","6,271,606","18,701,078","71,092,050","171,859,462",0.032
2019,Seahawks,"26,931,766","5,925,531","17,945,479","7,686,119","34,458,112","92,947,007","20,518,659","31,488,551","10,886,440","5,716,668","68,610,318","161,557,325",0.037
2019,Steelers,"28,371,114","3,001,755","10,965,693","11,153,589","40,045,676","93,537,827","37,498,722","29,607,112","6,999,873","22,346,988","96,452,695","189,990,522",0.016
2019,Texans,"7,513,495","11,016,495","22,674,688","4,253,032","29,570,110","75,027,820","29,330,918","37,618,700","11,018,559","30,719,187","108,687,364","183,715,184",0.060
2019,Titans,"23,292,000","9,584,371","19,507,898","9,678,488","42,803,262","104,866,019","28,271,034","22,405,448","7,645,920","31,040,372","89,362,774","194,228,793",0.049
2019,Vikings,"30,880,000","4,955,766","28,111,936","7,066,717","26,864,097","97,878,516","42,138,564","14,830,774","16,836,578","29,183,232","102,989,148","200,867,664",0.025
2018,49ers,"38,197,259","8,311,842","18,448,916","3,643,398","33,769,652","102,371,067","26,561,491","8,852,841","5,634,527","19,623,596","60,672,455","163,043,522",0.051
2018,Raiders,"25,915,200","7,694,424","18,652,510","11,533,431","36,376,204","100,171,769","14,213,805","10,206,380","11,068,824","11,492,532","46,981,541","147,153,310",0.052
2018,Falcons,"22,329,200","7,325,063","24,432,270","2,433,131","40,262,172","96,781,836","17,965,541","8,581,239","8,818,569","27,139,828","62,505,177","159,287,013",0.046
2018,Packers,"22,071,928","1,581,868","26,709,607","10,835,666","33,058,976","94,258,045","19,504,029","28,120,459","6,337,244","6,889,233","60,850,965","155,109,010",0.010
2018,Redskins,"22,370,588","6,464,791","11,550,945","16,639,653","35,748,048","92,774,025","11,964,793","24,236,263","5,638,443","21,140,054","62,979,553","155,753,578",0.042
2018,Browns,"24,442,360","5,651,728","19,436,865","7,333,699","34,889,282","91,753,934","16,529,922","21,320,019","5,640,141","18,933,305","62,423,387","154,177,321",0.037
2018,Saints,"26,852,600","7,093,841","12,859,196","7,775,068","35,725,330","90,306,035","27,594,929","14,765,854","7,798,629","8,475,586","58,634,998","148,941,033",0.048
2018,Chargers,"23,129,200","4,755,413","25,433,190","7,068,484","27,616,393","88,002,680","36,279,780","7,394,631","10,693,090","17,921,985","72,289,486","160,292,166",0.030
2018,Colts,"25,722,676","2,083,712","20,549,797","13,375,573","25,505,806","87,237,564","23,924,867","3,849,218","6,461,829","5,307,934","39,543,848","126,781,412",0.016
2018,Vikings,"26,462,000","8,510,220","15,333,845","9,592,122","26,668,316","86,566,503","37,136,839","18,490,720","15,731,056","22,554,099","93,912,714","180,479,217",0.047
2018,Buccaneers,"12,616,903","3,981,361","34,124,743","10,224,401","25,173,502","86,120,910","52,559,981","14,813,639","6,026,118","15,212,917","88,612,655","174,733,565",0.023
2018,Eagles,"21,505,365","5,143,228","16,761,079","7,215,415","35,461,396","86,086,483","40,131,724","7,463,300","16,905,015","5,192,238","69,692,277","155,778,760",0.033
2018,Patriots,"23,044,200","7,894,058","15,575,488","16,740,476","20,349,864","83,604,086","17,979,000","16,065,653","22,783,881","15,013,651","71,842,185","155,446,271",0.051
2018,Panthers,"22,245,471","6,826,065","12,594,544","9,312,292","32,444,025","83,422,397","40,940,158","18,702,633","8,525,314","10,046,763","78,214,868","161,637,265",0.042
2018,Bears,"10,598,281","2,865,819","25,821,639","15,662,132","27,038,059","81,985,930","16,269,909","38,170,202","4,184,476","18,514,959","77,139,546","159,125,476",0.018
2018,Bengals,"17,198,153","6,168,245","22,333,466","9,109,741","26,761,854","81,571,459","39,566,157","18,408,108","6,643,766","22,735,864","87,353,895","168,925,354",0.037
2018,Steelers,"24,607,847","1,414,972","13,094,252","6,021,982","35,090,781","80,229,834","18,570,996","22,789,249","7,577,505","18,261,233","67,198,983","147,428,817",0.010
2018,Jets,"15,760,757","8,070,717","13,044,099","3,861,826","36,847,212","77,584,611","16,787,655","17,434,328","10,941,303","27,956,260","73,119,546","150,704,157",0.054
2018,Lions,"27,560,000","7,708,425","10,261,176","4,771,517","26,454,707","76,755,825","25,954,600","13,152,062","13,868,343","12,942,767","65,917,772","142,673,597",0.054
2018,Seahawks,"24,620,964","4,655,724","20,229,810","3,273,982","23,349,614","76,130,094","10,766,134","26,759,580","26,285,750","7,339,007","71,150,471","147,280,565",0.032
2018,Dolphins,"10,507,195","4,122,610","25,766,603","4,425,226","30,559,407","75,381,041","43,433,317","14,286,351","11,817,797","5,181,370","74,718,835","150,099,876",0.027
2018,Jaguars,"10,786,333","12,425,774","17,287,457","4,822,038","28,024,882","73,346,484","51,356,162","11,985,485","11,238,779","27,090,280","101,670,706","175,017,190",0.071
2018,Cowboys,"1,816,903","7,705,768","17,811,897","2,372,304","43,159,686","72,866,558","35,783,993","18,325,353","4,718,347","5,642,991","64,470,684","137,337,242",0.056
2018,Chiefs,"6,462,373","3,839,568","13,410,657","13,224,159","34,676,355","71,613,112","13,806,414","37,313,414","20,988,021","5,449,388","77,557,237","149,170,349",0.026
2018,Titans,"9,704,446","6,917,202","8,480,482","11,443,542","34,214,395","70,760,067","26,928,600","32,001,276","11,696,707","20,975,177","91,601,760","162,361,827",0.043
2018,Giants,"23,411,925","11,329,128","12,265,128","7,070,209","16,351,639","70,428,029","6,466,608","30,767,653","5,248,621","13,155,011","55,637,893","126,065,922",0.090
2018,Ravens,"27,572,118","3,363,334","12,886,087","4,763,673","21,740,115","70,325,327","10,287,179","22,742,528","16,441,962","26,734,432","76,206,101","146,531,428",0.023
2018,Broncos,"15,706,000","1,963,621","14,510,892","2,980,830","27,685,340","62,846,683","19,610,747","34,814,194","9,032,891","23,101,585","86,559,417","149,406,100",0.013
2018,Rams,"8,767,592","9,038,320","14,151,679","2,758,153","27,763,882","62,479,626","39,110,096","16,676,934","12,948,223","21,356,753","90,092,006","152,571,632",0.059
2018,Texans,"4,498,746","8,781,571","22,937,792","3,958,681","21,831,728","62,008,518","19,458,959","31,037,318","11,881,679","32,029,767","94,407,723","156,416,241",0.056
2018,Cardinals,"5,229,993","6,642,019","21,383,544","8,338,914","16,580,007","58,174,477","25,414,873","16,503,217","8,859,951","16,131,635","66,909,676","125,084,153",0.053
2018,Bills,"4,972,932","12,700,103","3,135,006","10,226,000","13,535,618","44,569,659","32,407,961","8,735,891","13,024,446","6,815,311","60,983,609","105,553,268",0.120
2017,Steelers,"21,004,781","13,113,454","17,778,997","3,945,253","39,055,012","94,897,497","15,833,947","15,090,413","12,475,138","11,466,541","54,866,039","149,763,536",0.088
2017,Raiders,"17,066,663","3,913,937","21,228,435","8,513,978","43,133,182","93,856,195","20,946,096","3,913,692","11,365,174","22,873,492","59,098,454","152,954,649",0.026
2017,Falcons,"27,422,800","5,928,217","28,103,286","4,019,531","25,953,036","91,426,870","29,464,935","8,613,729","6,018,899","16,072,634","60,170,197","151,597,067",0.039
2017,Redskins,"27,543,600","4,474,359","10,894,949","11,840,649","35,081,227","89,834,784","12,451,986","25,200,700","6,606,862","24,425,407","68,684,955","158,519,739",0.028
2017,Cardinals,"29,489,118","3,666,976","20,439,056","6,097,469","28,917,997","88,610,616","23,052,981","9,589,711","15,728,455","21,047,533","69,418,680","158,029,296",0.023
2017,Packers,"21,034,437","2,394,382","31,564,129","3,754,657","28,553,585","87,301,190","14,712,089","28,733,407","11,727,962","9,272,758","64,446,216","151,747,406",0.016
2017,Eagles,"7,948,686","7,712,155","20,433,394","10,106,000","34,671,590","80,871,825","36,720,213","14,705,805","14,776,850","4,361,412","70,564,280","151,436,105",0.051
2017,Bears,"21,278,625","2,385,295","14,645,439","9,938,090","32,573,770","80,821,219","14,795,376","28,878,078","7,234,912","17,788,027","68,696,393","149,517,612",0.016
2017,Panthers,"22,710,632","11,316,345","7,593,965","15,861,068","22,836,833","80,318,843","34,906,236","27,237,850","7,693,071","6,607,630","76,444,787","156,763,630",0.072
2017,Saints,"20,365,000","6,649,958","7,172,234","13,281,931","32,749,192","80,218,315","23,177,867","11,368,168","9,465,615","5,035,764","49,047,414","129,265,729",0.051
2017,Patriots,"14,476,471","11,010,522","18,838,336","12,917,262","22,196,744","79,439,335","13,431,002","15,560,517","23,735,041","16,603,309","69,329,869","148,769,204",0.074
2017,Dolphins,"33,058,282","3,310,080","9,776,316","9,519,411","22,688,764","78,352,853","41,429,457","12,498,805","11,301,524","5,758,889","70,988,675","149,341,528",0.022
2017,Ravens,"26,742,000","5,270,289","16,212,624","5,393,387","23,346,656","76,964,956","8,609,329","16,621,928","12,619,611","15,031,988","52,882,856","129,847,812",0.041
2017,Cowboys,"1,782,314","7,879,602","26,062,634","16,565,097","23,737,956","76,027,603","22,155,694","13,571,954","3,098,994","10,844,663","49,671,305","125,698,908",0.063
2017,Bengals,"16,798,413","7,569,296","24,430,688","9,413,806","17,262,341","75,474,544","26,745,381","17,613,896","10,969,118","22,900,422","78,228,817","153,703,361",0.049
2017,Chargers,"19,155,000","5,059,879","20,577,484","8,986,982","21,644,924","75,424,269","38,269,110","7,831,143","6,553,828","9,329,846","61,983,927","137,408,196",0.037
2017,Bills,"10,238,211","11,190,118","6,496,909","11,467,859","35,796,366","75,189,463","24,044,258","7,077,973","7,686,153","5,801,497","44,609,881","119,799,344",0.093
2017,Colts,"22,129,791","6,704,574","15,603,598","10,039,875","20,295,961","74,773,799","34,099,351","5,100,805","7,567,614","4,398,800","51,166,570","125,940,369",0.053
2017,Lions,"17,047,200","5,553,764","18,671,297","5,529,031","23,027,789","69,829,081","29,979,802","12,040,537","11,021,745","17,917,711","70,959,795","140,788,876",0.039
2017,Giants,"21,444,105","6,721,041","14,572,454","4,806,305","21,971,246","69,515,151","22,683,693","28,902,142","3,870,386","27,976,841","83,433,062","152,948,213",0.044
2017,Jaguars,"10,071,983","13,724,506","13,512,773","7,480,525","24,024,663","68,814,450","45,148,547","13,216,415","15,958,866","13,849,553","88,173,381","156,987,831",0.087
2017,Texans,"3,855,907","9,441,681","22,653,336","10,632,622","20,476,207","67,059,753","17,826,431","24,809,067","10,598,898","21,425,963","74,660,359","141,720,112",0.067
2017,Vikings,"22,523,284","6,109,029","10,830,686","7,988,864","19,431,712","66,883,575","29,495,483","10,635,653","11,466,277","21,360,634","72,958,047","139,841,622",0.044
2017,Buccaneers,"11,738,985","8,969,129","18,804,531","3,178,912","23,495,847","66,187,404","39,983,769","8,819,460","8,500,031","17,764,740","75,068,000","141,255,404",0.063
2017,Chiefs,"21,205,288","4,243,728","5,474,701","7,192,941","25,611,612","63,728,270","16,972,578","42,525,432","14,053,421","6,828,257","80,379,688","144,107,958",0.029
2017,Broncos,"3,920,973","6,090,264","25,054,318","4,832,368","23,704,519","63,602,442","18,109,284","32,420,662","9,142,236","24,273,641","83,945,823","147,548,265",0.041
2017,Rams,"7,755,133","6,953,354","25,219,237","3,237,501","20,325,435","63,490,660","19,055,848","33,738,804","4,664,589","22,677,275","80,136,516","143,627,176",0.048
2017,Seahawks,"15,443,870","5,565,665","8,724,467","12,553,573","21,118,436","63,406,011","29,783,258","18,261,753","20,890,487","23,142,234","92,077,732","155,483,743",0.036
2017,Titans,"10,351,646","8,746,428","19,514,493","7,486,458","17,127,063","63,226,088","20,991,161","32,215,404","13,657,831","15,276,846","82,141,242","145,367,330",0.060
2017,Jets,"8,334,184","10,310,192","8,058,956","2,443,262","29,743,163","58,889,757","29,879,586","11,207,483","6,921,694","16,360,022","64,368,785","123,258,542",0.084
2017,Browns,"2,209,957","4,470,494","5,198,547","3,254,760","41,615,803","56,749,561","14,727,750","21,613,135","3,882,857","7,163,759","47,387,501","104,137,062",0.043
2017,49ers,"1,280,189","2,825,514","13,826,473","3,831,656","25,655,347","47,419,179","26,769,176","8,945,957","9,535,769","6,441,770","51,692,672","99,111,851",0.029
2016,Cowboys,"23,926,148","9,073,966","19,837,501","9,867,494","21,408,752","84,113,861","14,994,947","16,163,174","8,367,517","20,670,361","60,195,999","144,309,860",0.063
2016,Redskins,"22,237,334","2,428,948","23,519,793","8,387,911","26,263,648","82,837,634","9,799,579","16,294,454","7,736,030","10,733,385","44,563,448","127,401,082",0.019
2016,Steelers,"25,334,805","4,433,346","16,885,326","4,133,728","28,392,364","79,179,569","14,224,578","30,494,261","7,261,255","6,603,699","58,583,793","137,763,362",0.032
2016,Patriots,"15,259,305","5,014,925","17,034,672","12,753,868","26,800,280","76,863,050","19,931,762","13,450,124","12,755,434","4,775,449","50,912,769","127,775,819",0.039
2016,Chargers,"17,180,000","7,457,629","18,017,691","8,274,768","25,538,138","76,468,226","23,030,310","15,314,026","7,089,050","18,462,884","63,896,270","140,364,496",0.053
2016,Falcons,"25,631,100","1,852,741","21,945,916","5,486,900","21,046,268","75,962,925","24,689,535","10,513,747","4,903,067","6,580,038","46,686,387","122,649,312",0.015
2016,Vikings,"12,430,538","13,666,191","8,596,564","7,804,564","32,879,606","75,377,463","28,037,448","11,877,574","12,925,603","16,485,260","69,325,885","144,703,348",0.094
2016,Bears,"20,140,353","2,164,522","23,453,575","4,156,185","25,002,276","74,916,911","10,499,728","35,223,650","3,785,524","9,545,141","59,054,043","133,970,954",0.016
2016,Panthers,"21,450,000","10,958,863","8,550,593","8,019,942","25,130,242","74,109,640","15,822,244","18,305,233","5,567,091","3,505,394","43,199,962","117,309,602",0.093
2016,Colts,"19,980,000","5,551,333","14,669,690","11,144,550","20,978,970","72,324,543","10,341,107","23,740,432","7,557,088","13,866,511","55,505,138","127,829,681",0.043
2016,Bengals,"14,195,413","7,582,248","17,903,068","4,895,878","26,963,355","71,539,962","31,042,229","15,238,247","10,932,963","20,040,214","77,253,653","148,793,615",0.051
2016,Buccaneers,"8,192,029","9,960,806","20,084,145","4,589,627","28,332,177","71,158,784","32,879,948","15,028,993","5,670,300","21,537,490","75,116,731","146,275,515",0.068
2016,Cardinals,"20,967,647","5,171,763","19,073,522","5,942,819","19,298,535","70,454,286","24,563,395","17,409,750","11,210,539","16,623,998","69,807,682","140,261,968",0.037
2016,Packers,"19,910,320","4,891,731","20,545,094","3,544,204","20,810,535","69,701,884","14,048,475","34,780,061","10,901,780","16,459,880","76,190,196","145,892,080",0.034
2016,Raiders,"4,623,009","2,818,849","19,361,975","5,870,639","36,972,041","69,646,513","30,211,097","7,047,949","12,697,085","20,847,900","70,804,031","140,450,544",0.020
2016,Lions,"23,338,824","3,971,695","17,619,492","6,514,242","17,174,595","68,618,848","17,318,764","13,539,421","11,189,104","8,071,148","50,118,437","118,737,285",0.033
2016,Giants,"25,595,300","9,665,597","15,930,551","3,014,714","13,326,066","67,532,228","20,436,629","25,848,270","3,598,913","21,773,449","71,657,261","139,189,489",0.069
2016,Jaguars,"10,864,196","5,551,588","14,724,668","11,943,324","23,781,090","66,864,866","40,513,354","11,297,021","7,553,819","16,930,497","76,294,691","143,159,557",0.039
2016,Ravens,"24,056,900","2,492,212","13,619,295","8,561,035","18,007,403","66,736,845","7,240,013","21,911,672","18,916,487","13,055,152","61,123,324","127,860,169",0.019
2016,Jets,"10,107,898","5,337,110","20,760,335","2,530,923","27,844,419","66,580,685","21,908,891","13,511,294","7,858,962","24,531,901","67,811,048","134,391,733",0.040
2016,Eagles,"9,960,643","10,317,028","4,931,355","6,394,996","33,687,976","65,291,998","29,617,028","12,105,117","11,431,668","6,807,479","59,961,292","125,253,290",0.082
2016,Chiefs,"20,232,200","8,036,819","16,078,663","4,923,789","14,976,072","64,247,543","17,326,136","28,506,033","15,661,151","5,252,667","66,745,987","130,993,530",0.061
2016,Texans,"14,412,646","7,911,734","6,448,981","2,062,362","31,103,538","61,939,261","22,938,450","28,597,639","5,327,548","19,939,515","76,803,152","138,742,413",0.057
2016,Dolphins,"13,281,182","1,974,686","6,367,688","11,317,299","28,772,146","61,713,001","42,388,095","8,873,417","11,884,805","12,949,485","76,095,802","137,808,803",0.014
2016,Titans,"7,534,058","7,603,960","14,852,328","10,992,080","20,398,613","61,381,039","16,030,883","24,561,209","10,382,798","13,084,964","64,059,854","125,440,893",0.061
2016,49ers,"23,694,507","3,028,926","11,876,072","5,615,042","16,923,639","61,138,186","12,233,787","27,657,777","10,807,904","9,075,198","59,774,666","120,912,852",0.025
2016,Bills,"10,286,322","10,305,929","12,971,463","7,994,746","19,315,114","60,873,574","30,257,421","8,187,722","14,367,753","15,208,647","68,021,543","128,895,117",0.080
2016,Rams,"9,453,311","6,684,248","16,984,504","7,779,092","18,948,473","59,849,628","34,625,253","9,904,864","5,822,846","15,228,577","65,581,540","125,431,168",0.053
2016,Seahawks,"18,997,000","2,236,171","13,750,952","12,684,653","6,307,577","53,976,353","22,974,342","15,426,110","17,920,176","20,642,727","76,963,355","130,939,708",0.017
2016,Saints,"18,617,300","4,961,190","5,224,319","5,726,719","19,176,356","53,705,884","14,422,130","9,977,450","16,579,686","4,828,050","45,807,316","99,513,200",0.050
2016,Broncos,"2,261,161","7,652,724","24,631,438","4,002,548","14,289,846","52,837,717","22,884,746","21,118,620","11,486,444","22,329,018","77,818,828","130,656,545",0.059
2016,Browns,"11,022,385","2,873,269","8,060,225","3,663,632","20,849,784","46,469,295","12,135,603","7,112,029","2,503,713","23,427,666","45,179,011","91,648,306",0.031
2015,Broncos,"19,067,139","2,115,642","23,083,075","7,984,142","25,231,140","77,481,138","18,447,328","15,660,017","11,305,871","13,543,730","58,956,946","136,438,084",0.016
2015,Vikings,"5,245,038","16,960,950","15,700,531","8,705,993","29,660,487","76,272,999","25,574,601","11,870,684","5,565,439","14,643,487","57,654,211","133,927,210",0.127
2015,Redskins,"8,872,885","3,242,342","24,335,809","5,451,490","27,764,389","69,666,915","21,148,325","16,304,647","6,696,517","10,756,352","54,905,841","124,572,756",0.026
2015,Jets,"5,192,407","6,431,875","20,552,089","4,191,281","33,201,673","69,569,325","17,349,030","14,242,642","8,846,076","31,508,947","71,946,695","141,516,020",0.045
2015,Eagles,"17,392,354","12,012,071","9,224,526","6,878,554","23,951,203","69,458,708","15,339,164","18,345,110","11,129,568","13,900,914","58,714,756","128,173,464",0.094
2015,Patriots,"14,791,795","4,333,999","16,040,318","12,066,813","21,165,260","68,398,185","20,409,001","12,869,670","11,471,634","4,536,710","49,287,015","117,685,200",0.037
2015,Chargers,"23,002,368","7,201,545","8,556,430","10,790,590","18,814,927","68,365,860","13,769,105","14,749,306","12,240,418","9,571,186","50,330,015","118,695,875",0.061
2015,Lions,"18,498,450","5,554,369","25,484,600","7,702,332","10,416,454","67,656,205","24,213,664","13,578,562","8,736,044","5,062,376","51,590,646","119,246,851",0.047
2015,Panthers,"15,429,000","13,272,396","8,456,702","8,146,666","21,230,527","66,535,291","30,121,586","18,067,227","5,187,392","4,940,895","58,317,100","124,852,391",0.106
2015,Bears,"16,725,388","11,448,751","12,781,274","7,560,294","17,921,204","66,436,911","5,097,132","22,051,239","8,796,854","6,925,380","42,870,605","109,307,516",0.105
2015,Cardinals,"11,834,168","2,946,734","16,186,291","5,182,957","29,469,242","65,619,392","24,656,866","15,119,938","4,181,310","22,409,565","66,367,679","131,987,071",0.022
2015,Falcons,"20,208,674","2,086,750","23,948,138","2,839,587","15,191,609","64,274,758","22,298,021","9,188,588","7,655,153","5,104,050","44,245,812","108,520,570",0.019
2015,Bengals,"10,238,778","4,040,770","18,726,078","3,962,305","26,041,777","63,009,708","25,914,276","20,598,622","8,119,150","16,808,890","71,440,938","134,450,646",0.030
2015,Jaguars,"8,194,273","5,564,721","7,847,093","16,447,200","24,810,232","62,863,519","34,381,175","13,628,224","5,375,948","9,416,089","62,801,436","125,664,955",0.044
2015,Saints,"25,358,586","5,692,821","9,440,930","3,887,942","18,404,737","62,785,016","9,492,895","10,965,605","11,168,099","9,757,823","41,384,422","104,169,438",0.055
2015,Giants,"15,240,800","6,883,801","14,975,789","1,889,705","23,070,742","62,060,837","18,797,199","10,999,035","3,336,069","17,527,051","50,659,354","112,720,191",0.061
2015,Packers,"20,090,908","2,917,044","13,021,509","3,295,825","21,177,514","60,502,800","10,632,552","36,726,064","10,790,891","13,207,797","71,357,304","131,860,104",0.022
2015,Steelers,"20,358,139","3,265,082","10,701,027","6,131,594","19,423,147","59,878,989","14,557,602","20,934,781","5,560,650","13,377,624","54,430,657","114,309,646",0.029
2015,Ravens,"16,944,412","2,913,788","9,952,732","8,782,294","20,756,704","59,349,930","6,458,833","22,299,734","17,048,671","7,299,764","53,107,002","112,456,932",0.026
2015,Cowboys,"16,983,000","3,636,824","11,395,882","8,455,213","17,609,241","58,080,160","19,889,032","12,864,734","5,252,185","24,161,659","62,167,610","120,247,770",0.030
2015,49ers,"17,234,471","4,458,248","13,805,614","2,762,661","19,757,909","58,018,903","8,381,362","20,469,116","8,880,119","6,467,970","44,198,567","102,217,470",0.044
2015,Browns,"8,093,954","1,964,338","14,792,090","5,193,030","27,241,456","57,284,868","16,551,626","21,907,486","11,656,943","23,514,408","73,630,463","130,915,331",0.015
2015,Chiefs,"21,476,940","9,656,539","6,172,669","2,273,413","16,685,651","56,265,212","11,816,841","21,741,283","14,112,700","11,077,574","58,748,398","115,013,610",0.084
2015,Rams,"5,218,449","4,573,838","11,865,185","15,475,441","18,702,572","55,835,485","47,269,247","10,751,780","8,220,899","4,293,600","70,535,526","126,371,011",0.036
2015,Raiders,"1,918,064","3,907,750","12,243,561","4,799,545","31,155,998","54,024,918","23,433,042","12,767,283","14,730,695","4,515,992","55,447,012","109,471,930",0.036
2015,Buccaneers,"5,965,886","5,081,515","18,129,732","4,336,557","20,141,348","53,655,038","29,415,438","12,188,387","4,087,338","8,260,432","53,951,595","107,606,633",0.047
2015,Seahawks,"8,554,868","10,635,847","9,888,081","10,063,162","12,810,650","51,952,608","27,371,784","12,979,618","14,428,318","15,557,555","70,337,275","122,289,883",0.087
2015,Texans,"6,357,837","10,875,801","6,411,093","5,702,571","22,553,824","51,901,126","20,580,901","21,628,161","4,828,838","23,059,240","70,097,140","121,998,266",0.089
2015,Colts,"10,638,775","5,617,471","13,153,178","4,034,629","14,365,795","47,809,848","14,935,562","35,495,549","5,801,282","21,055,447","77,287,840","125,097,688",0.045
2015,Dolphins,"7,625,864","2,623,010","7,039,908","6,819,535","23,159,445","47,267,762","29,823,936","9,807,313","10,861,046","14,670,090","65,162,385","112,430,147",0.023
2015,Bills,"3,732,738","7,707,163","12,781,663","5,735,146","15,086,305","45,043,015","43,831,777","7,661,717","5,657,363","16,809,630","73,960,487","119,003,502",0.065
2015,Titans,"5,017,020","5,286,810","8,113,034","10,117,500","11,157,861","39,692,225","21,707,812","15,811,256","12,937,775","15,939,246","66,396,089","106,088,314",0.050
2014,Falcons,"18,576,474","6,980,028","17,966,288","1,247,246","26,480,666","71,250,702","24,351,290","7,666,852","7,645,545","5,342,576","45,006,263","116,256,965",0.060
2014,Broncos,"18,629,094","2,748,063","18,771,159","3,669,295","25,225,932","69,043,543","19,277,963","10,658,503","7,141,122","15,320,403","52,397,991","121,441,534",0.023
2014,Saints,"19,064,118","5,399,617","12,178,739","6,269,241","25,334,966","68,246,681","9,747,350","14,454,920","9,083,250","8,305,918","41,591,438","109,838,119",0.049
2014,Chargers,"17,856,766","8,605,886","10,851,816","9,315,091","19,973,727","66,603,286","7,275,737","18,069,498","13,044,216","6,186,511","44,575,962","111,179,248",0.077
2014,Eagles,"3,772,237","16,415,834","10,693,053","5,720,045","29,446,666","66,047,835","16,561,275","17,603,337","7,603,608","13,632,290","55,400,510","121,448,345",0.135
2014,Rams,"19,930,000","3,635,133","7,464,962","8,642,056","26,104,635","65,776,786","33,755,716","13,272,617","4,207,611","3,599,498","54,835,442","120,612,228",0.030
2014,Bears,"19,219,118","9,580,845","11,977,950","7,234,947","16,515,321","64,528,181","18,588,037","10,686,451","4,434,278","11,742,197","45,450,963","109,979,144",0.087
2014,Dolphins,"9,024,346","5,275,190","28,597,229","2,453,213","19,009,521","64,359,499","24,861,738","19,901,899","7,286,117","12,603,136","64,652,890","129,012,389",0.041
2014,Vikings,"10,278,077","13,954,903","10,289,462","3,870,027","24,118,962","62,511,431","26,142,086","13,041,933","3,934,664","7,924,243","51,042,926","113,554,357",0.123
2014,Texans,"4,907,663","9,457,433","19,869,037","4,412,445","23,273,816","61,920,394","8,210,537","16,551,231","2,839,451","17,795,552","45,396,771","107,317,165",0.088
2014,49ers,"6,114,325","8,372,771","14,014,025","9,364,040","22,908,605","60,773,766","14,858,320","24,197,587","7,042,189","7,623,157","53,721,253","114,495,019",0.073
2014,Giants,"21,008,400","5,120,134","12,922,572","2,083,825","18,940,462","60,075,393","13,113,573","14,621,482","14,117,378","11,998,314","53,850,747","113,926,140",0.045
2014,Lions,"17,031,668","6,083,043","18,606,777","5,509,002","11,871,158","59,101,648","38,109,250","13,479,446","5,342,000","4,023,173","60,953,869","120,055,517",0.051
2014,Redskins,"7,082,926","2,678,257","18,448,822","3,831,981","26,783,400","58,825,386","22,331,951","20,125,647","3,143,824","7,461,353","53,062,775","111,888,161",0.024
2014,Jets,"5,402,878","6,138,225","15,118,083","3,321,133","27,006,154","56,986,473","9,226,734","15,437,435","4,571,367","7,604,495","36,840,031","93,826,504",0.065
2014,Titans,"6,035,575","6,946,110","9,394,069","8,033,603","26,321,377","56,730,734","22,530,646","7,346,559","14,007,775","10,683,260","54,568,240","111,298,974",0.062
2014,Patriots,"15,446,036","4,537,291","13,923,556","7,369,559","15,395,126","56,671,568","16,148,688","12,844,605","8,563,385","15,032,481","52,589,159","109,260,727",0.042
2014,Chiefs,"8,786,939","11,495,196","17,692,219","6,165,390","12,179,435","56,319,179","14,297,941","24,232,568","14,757,053","8,579,227","61,866,789","118,185,968",0.097
2014,Panthers,"8,743,113","15,241,700","4,162,200","9,273,200","16,431,582","53,851,795","33,189,527","9,299,071","4,923,626","1,839,412","49,251,636","103,103,431",0.148
2014,Steelers,"21,333,138","1,669,039","7,942,649","7,847,766","14,731,514","53,524,106","9,360,367","28,650,595","10,751,868","13,352,245","62,115,075","115,639,181",0.014
2014,Bengals,"10,928,123","3,654,864","10,856,116","8,253,862","19,718,975","53,411,940","30,758,457","13,702,366","6,534,061","17,739,200","68,734,084","122,146,024",0.030
2014,Packers,"19,273,750","2,850,778","9,395,943","2,464,445","18,989,544","52,974,460","7,450,236","34,901,978","7,570,989","19,240,070","69,163,273","122,137,733",0.023
2014,Cowboys,"12,764,666","2,815,945","5,655,361","9,965,144","21,509,863","52,710,979","10,653,530","10,078,315","3,619,379","21,783,154","46,134,378","98,845,357",0.028
2014,Cardinals,"16,676,701","2,653,397","14,667,325","4,298,132","13,774,076","52,069,631","25,825,251","16,514,133","3,473,804","16,867,423","62,680,611","114,750,242",0.023
2014,Jaguars,"9,554,830","6,308,882","8,703,307","10,592,682","16,247,624","51,407,325","28,827,556","13,828,131","4,265,477","3,681,002","50,602,166","102,009,491",0.062
2014,Buccaneers,"5,512,169","3,929,661","17,087,432","4,010,280","20,487,478","51,027,020","40,085,083","5,214,997","10,665,150","12,689,893","68,655,123","119,682,143",0.033
2014,Browns,"2,807,980","1,529,301","10,771,737","4,683,350","30,648,671","50,441,039","19,290,519","19,172,353","6,699,334","17,398,562","62,560,768","113,001,807",0.014
2014,Seahawks,"2,227,438","9,949,013","6,213,265","7,238,609","23,339,609","48,967,934","26,292,132","11,003,673","14,824,595","6,488,073","58,608,473","107,576,407",0.092
2014,Ravens,"15,578,427","1,891,185","6,901,832","4,991,340","17,657,641","47,020,425","21,184,683","19,631,410","5,389,608","11,857,910","58,063,611","105,084,036",0.018
2014,Bills,"6,126,486","11,520,979","6,857,046","3,098,194","19,208,595","46,811,300","33,350,932","16,584,051","7,300,537","12,531,233","69,766,753","116,578,053",0.099
2014,Colts,"9,779,454","4,019,936","11,951,863","2,894,739","16,559,625","45,205,617","18,595,139","24,218,804","7,474,934","15,753,451","66,042,328","111,247,945",0.036
2014,Raiders,"9,471,691","6,996,329","9,015,614","1,400,205","17,354,097","44,237,936","22,786,638","5,264,934","13,433,828","11,631,671","53,117,071","97,355,007",0.072
2013,Eagles,"13,385,137","10,203,112","19,241,989","5,509,036","25,664,899","74,004,173","14,205,767","11,304,817","6,920,158","6,032,738","38,463,480","112,467,653",0.091
2013,Seahawks,"1,557,085","10,799,653","16,831,423","12,778,788","27,955,261","69,922,210","32,715,341","7,377,232","8,579,619","3,557,545","52,229,737","122,151,947",0.088
2013,Titans,"6,336,958","15,376,098","12,686,896","6,979,500","26,721,984","68,101,436","15,222,821","5,740,835","10,777,066","9,602,477","41,343,199","109,444,635",0.140
2013,Broncos,"18,716,295","5,013,752","10,120,554","8,013,902","25,550,424","67,414,927","12,040,751","12,951,882","5,894,346","17,559,225","48,446,204","115,861,131",0.043
2013,Giants,"21,998,400","5,036,739","8,677,626","2,998,913","24,235,900","62,947,578","14,642,808","7,916,847","12,704,990","11,202,110","46,466,755","109,414,333",0.046
2013,Texans,"11,756,250","10,825,134","14,247,672","6,948,519","18,690,874","62,468,449","15,386,734","11,351,449","7,816,547","16,655,776","51,210,506","113,678,955",0.095
2013,Chargers,"15,996,516","8,284,583","10,926,398","8,795,715","17,428,226","61,431,438","6,241,425","18,393,172","11,490,435","4,839,588","40,964,620","102,396,058",0.081
2013,Saints,"18,193,235","9,159,749","11,679,433","3,245,951","18,150,025","60,428,393","17,728,724","14,117,416","9,960,582","11,598,369","53,405,091","113,833,484",0.080
2013,Vikings,"8,470,555","15,752,110","10,378,281","4,582,245","20,329,032","59,512,223","36,108,166","13,577,945","5,691,438","4,281,849","59,659,398","119,171,621",0.132
2013,Lions,"21,556,666","3,987,009","15,383,546","4,207,277","13,221,451","58,355,949","22,485,856","10,468,126","4,758,334","6,133,807","43,846,123","102,202,072",0.039
2013,Falcons,"10,920,140","6,293,062","17,406,642","6,938,146","16,471,155","58,029,145","17,946,068","8,433,728","7,249,890","9,276,181","42,905,867","100,935,012",0.062
2013,49ers,"2,843,160","9,182,062","16,963,177","10,569,598","17,581,156","57,139,153","11,028,483","17,860,800","10,696,955","12,885,741","52,471,979","109,611,132",0.084
2013,Jets,"14,759,018","4,154,535","12,811,933","2,593,765","21,528,632","55,847,883","5,447,833","19,680,284","3,028,114","13,025,418","41,181,649","97,029,532",0.043
2013,Packers,"13,013,000","2,429,420","10,223,980","11,341,695","17,576,974","54,585,069","16,546,195","21,036,760","5,083,802","13,957,143","56,623,900","111,208,969",0.022
2013,Patriots,"14,603,953","3,682,367","8,749,814","4,150,882","22,775,490","53,962,506","21,590,202","10,801,171","7,386,653","8,618,787","48,396,813","102,359,319",0.036
2013,Panthers,"7,579,454","11,315,450","11,041,036","4,325,000","18,981,126","53,242,066","16,170,994","12,890,911","6,639,853","3,244,456","38,946,214","92,188,280",0.123
2013,Bears,"11,276,471","12,036,166","16,580,067","2,495,000","10,071,052","52,458,756","29,744,128","12,510,915","3,802,254","15,375,000","61,432,297","113,891,053",0.106
2013,Redskins,"5,972,967","2,212,882","19,585,321","4,645,357","20,025,614","52,442,141","14,227,749","19,629,100","4,619,719","7,102,431","45,578,999","98,021,140",0.023
2013,Cardinals,"6,172,993","5,306,754","15,022,466","4,353,078","19,171,690","50,026,981","20,498,000","13,311,655","2,809,618","10,407,900","47,027,173","97,054,154",0.055
2013,Cowboys,"13,818,982","2,257,011","8,120,768","5,623,758","19,470,710","49,291,229","5,814,913","26,468,546","3,220,898","13,029,474","48,533,831","97,825,060",0.023
2013,Colts,"8,626,545","7,195,732","11,908,481","2,615,661","18,601,449","48,947,868","13,140,390","20,991,429","13,323,235","9,596,407","57,051,461","105,999,329",0.068
2013,Chiefs,"10,708,333","6,779,755","7,268,150","3,435,650","20,708,982","48,900,870","13,759,289","22,533,136","13,251,425","13,096,878","62,640,728","111,541,598",0.061
2013,Rams,"13,422,823","2,637,944","5,479,738","6,217,555","19,240,160","46,998,220","23,343,366","15,711,252","3,645,196","17,453,159","60,152,973","107,151,193",0.025
2013,Buccaneers,"1,184,375","4,644,753","13,444,503","2,393,504","25,305,673","46,972,808","19,666,809","5,943,624","13,033,579","19,521,921","58,165,933","105,138,741",0.044
2013,Steelers,"15,393,138","2,549,641","8,799,844","9,207,474","10,734,255","46,684,352","12,586,770","21,979,116","16,480,395","11,069,889","62,116,170","108,800,522",0.023
2013,Jaguars,"8,347,588","9,012,941","6,832,868","7,160,882","14,812,080","46,166,359","13,935,225","13,544,999","3,396,626","2,807,072","33,683,922","79,850,281",0.113
2013,Bengals,"2,862,833","5,750,703","8,730,272","5,005,166","22,390,147","44,739,121","38,758,754","8,370,673","5,834,061","16,118,302","69,081,790","113,820,911",0.051
2013,Ravens,"7,381,327","7,936,927","7,932,810","3,966,000","16,354,916","43,571,980","17,275,372","23,913,572","3,813,423","10,949,281","55,951,648","99,523,628",0.080
2013,Bills,"4,663,940","8,362,867","8,979,223","4,489,668","14,455,361","40,951,059","29,011,040","6,284,838","10,503,423","7,069,748","52,869,049","93,820,108",0.089
2013,Dolphins,"5,859,205","2,412,352","8,242,874","6,007,127","17,638,011","40,159,569","27,792,257","9,006,508","5,027,138","13,351,955","55,177,858","95,337,427",0.025
2013,Browns,"4,171,299","2,200,883","5,666,354","2,620,527","23,789,034","38,448,097","21,502,679","20,237,182","2,500,318","10,928,931","55,169,110","93,617,207",0.024
2013,Raiders,"1,146,517","11,660,884","4,609,651","1,496,363","10,275,023","29,188,438","7,242,262","6,548,030","6,752,294","6,688,580","27,231,166","56,419,604",0.207